{"cameraMode":{"drawMode":0,"name":"Shaded","section":"Shading Mode"},"sceneLighting":false,"audioPlay":false,"sceneViewState":{"m_AlwaysRefresh":false,"showFog":true,"showSkybox":false,"showFlares":true,"showImageEffects":true,"showParticleSystems":true,"showVisualEffectGraphs":true,"m_FxEnabled":true},"in2DMode":false,"pivot":{"x":-4.500188827514648,"y":2.5629281997680666,"z":-6.202752729222993e-7},"rotation":{"x":-0.0021213172003626825,"y":0.7071036696434021,"z":0.0021213176660239698,"w":0.7071036100387573},"size":5.244044303894043,"orthographic":false}